{"cameraMode":{"drawMode":0,"name":"Shaded","section":"Shading Mode"},"sceneLighting":true,"audioPlay":false,"sceneViewState":{"showFog":true,"showMaterialUpdate":true,"showSkybox":true,"showFlares":true,"showImageEffects":true,"showParticleSystems":true},"in2DMode":false,"pivot":{"x":7.878289699554443,"y":3.094592571258545,"z":-1.184164047241211},"rotation":{"x":-0.17017504572868348,"y":0.25884708762168887,"z":-0.04638415202498436,"w":-0.9496837258338928},"size":12.212316513061524,"orthographic":false}