{"cameraMode":{"drawMode":0,"name":"Shaded","section":"Shading Mode"},"sceneLighting":false,"audioPlay":false,"sceneViewState":{"showFog":false,"showMaterialUpdate":false,"showSkybox":false,"showFlares":false,"showImageEffects":false,"showParticleSystems":true},"in2DMode":false,"pivot":{"x":-3.9366321563720705,"y":-1.3069419860839844,"z":-1.5304512977600098},"rotation":{"x":0.1498831957578659,"y":-0.7924072742462158,"z":0.21573440730571748,"w":0.5505310893058777},"size":18.422460556030275,"orthographic":false}