{"cameraMode":{"drawMode":0,"name":"Shaded","section":"Shading Mode"},"sceneLighting":false,"audioPlay":false,"sceneViewState":{"showFog":false,"showMaterialUpdate":false,"showSkybox":false,"showFlares":false,"showImageEffects":false,"showParticleSystems":false},"in2DMode":false,"pivot":{"x":-7.588626861572266,"y":233.55804443359376,"z":103.40093994140625},"rotation":{"x":-0.026990754529833795,"y":0.020990660414099695,"z":0.0005669105448760092,"w":0.9994151592254639},"size":598.6962280273438,"orthographic":false}